<xml xmlns:o="urn:schemas-microsoft-com:office:office">
 <o:File HRef="pubmaster001.htm"/>
 <o:File HRef="image001.gif"/>
 <o:File HRef="image002.emz"/>
 <o:File HRef="image003.gif"/>
 <o:File HRef="image004.png"/>
 <o:File HRef="image005.jpg"/>
 <o:File HRef="image006.gif"/>
 <o:MainFile HRef="../TUTORIAL.htm"/>
 <o:File HRef="image007.gif"/>
 <o:File HRef="page0001.htm"/>
 <o:File HRef="page0002.htm"/>
 <o:File HRef="image008.png"/>
 <o:File HRef="oledata.mso"/>
 <o:File HRef="image009.jpg"/>
 <o:File HRef="page0003.htm"/>
 <o:File HRef="image010.png"/>
 <o:File HRef="image011.jpg"/>
 <o:File HRef="page0004.htm"/>
 <o:File HRef="image012.png"/>
 <o:File HRef="image013.jpg"/>
 <o:File HRef="page0005.htm"/>
 <o:File HRef="image014.png"/>
 <o:File HRef="image015.jpg"/>
 <o:File HRef="page0006.htm"/>
 <o:File HRef="image016.png"/>
 <o:File HRef="image017.jpg"/>
 <o:File HRef="image018.png"/>
 <o:File HRef="image019.jpg"/>
 <o:File HRef="image020.png"/>
 <o:File HRef="image021.jpg"/>
 <o:File HRef="image022.png"/>
 <o:File HRef="image023.jpg"/>
 <o:File HRef="page0007.htm"/>
 <o:File HRef="image024.png"/>
 <o:File HRef="image025.jpg"/>
 <o:File HRef="image026.gif"/>
 <o:File HRef="image027.png"/>
 <o:File HRef="image028.jpg"/>
 <o:File HRef="image029.png"/>
 <o:File HRef="image030.jpg"/>
 <o:File HRef="image031.png"/>
 <o:File HRef="image032.jpg"/>
 <o:File HRef="image033.gif"/>
 <o:File HRef="image034.png"/>
 <o:File HRef="image035.jpg"/>
 <o:File HRef="image036.gif"/>
 <o:File HRef="page0008.htm"/>
 <o:File HRef="pdesgal.htm"/>
 <o:File HRef="filelist.xml"/>
</xml>