<xml xmlns:o="urn:schemas-microsoft-com:office:office">
 <o:File HRef="pubmaster001.htm"/>
 <o:File HRef="image001.gif"/>
 <o:File HRef="image002.emz"/>
 <o:File HRef="image003.gif"/>
 <o:File HRef="image004.png"/>
 <o:File HRef="image005.jpg"/>
 <o:File HRef="image005.jpg"/>
 <o:File HRef="image005.jpg"/>
 <o:File HRef="image023.gif"/>
 <o:MainFile HRef="../TUT.htm"/>
 <o:File HRef="image007.gif"/>
 <o:File HRef="image001.gif"/>
 <o:File HRef="image003.gif"/>
 <o:File HRef="image005.jpg"/>
 <o:File HRef="image005.jpg"/>
 <o:File HRef="image005.jpg"/>
 <o:File HRef="page0001.htm"/>
 <o:File HRef="image001.gif"/>
 <o:File HRef="image003.gif"/>
 <o:File HRef="image005.jpg"/>
 <o:File HRef="image005.jpg"/>
 <o:File HRef="image005.jpg"/>
 <o:File HRef="page0002.htm"/>
 <o:File HRef="image010.png"/>
 <o:File HRef="oledata.mso"/>
 <o:File HRef="image011.jpg"/>
 <o:File HRef="image001.gif"/>
 <o:File HRef="image003.gif"/>
 <o:File HRef="image005.jpg"/>
 <o:File HRef="image005.jpg"/>
 <o:File HRef="image005.jpg"/>
 <o:File HRef="page0003.htm"/>
 <o:File HRef="image013.png"/>
 <o:File HRef="image014.jpg"/>
 <o:File HRef="image001.gif"/>
 <o:File HRef="image003.gif"/>
 <o:File HRef="image005.jpg"/>
 <o:File HRef="image005.jpg"/>
 <o:File HRef="image005.jpg"/>
 <o:File HRef="page0004.htm"/>
 <o:File HRef="image016.png"/>
 <o:File HRef="image017.jpg"/>
 <o:File HRef="image001.gif"/>
 <o:File HRef="image003.gif"/>
 <o:File HRef="image005.jpg"/>
 <o:File HRef="image005.jpg"/>
 <o:File HRef="image005.jpg"/>
 <o:File HRef="page0005.htm"/>
 <o:File HRef="image001.gif"/>
 <o:File HRef="image003.gif"/>
 <o:File HRef="image005.jpg"/>
 <o:File HRef="image005.jpg"/>
 <o:File HRef="image005.jpg"/>
 <o:File HRef="image020.png"/>
 <o:File HRef="image021.jpg"/>
 <o:File HRef="page0006.htm"/>
 <o:File HRef="image001.gif"/>
 <o:File HRef="image003.gif"/>
 <o:File HRef="image005.jpg"/>
 <o:File HRef="image005.jpg"/>
 <o:File HRef="image005.jpg"/>
 <o:File HRef="image045.png"/>
 <o:File HRef="image046.jpg"/>
 <o:File HRef="image047.png"/>
 <o:File HRef="image048.jpg"/>
 <o:File HRef="image049.png"/>
 <o:File HRef="image050.jpg"/>
 <o:File HRef="image051.png"/>
 <o:File HRef="image052.jpg"/>
 <o:File HRef="page0007.htm"/>
 <o:File HRef="image001.gif"/>
 <o:File HRef="image003.gif"/>
 <o:File HRef="image005.jpg"/>
 <o:File HRef="image005.jpg"/>
 <o:File HRef="image005.jpg"/>
 <o:File HRef="image038.png"/>
 <o:File HRef="image039.jpg"/>
 <o:File HRef="image040.gif"/>
 <o:File HRef="image041.png"/>
 <o:File HRef="image042.jpg"/>
 <o:File HRef="image043.png"/>
 <o:File HRef="image044.jpg"/>
 <o:File HRef="image053.png"/>
 <o:File HRef="image054.jpg"/>
 <o:File HRef="image055.gif"/>
 <o:File HRef="image056.png"/>
 <o:File HRef="image057.jpg"/>
 <o:File HRef="image058.gif"/>
 <o:File HRef="page0008.htm"/>
 <o:File HRef="image001.gif"/>
 <o:File HRef="image003.gif"/>
 <o:File HRef="image005.jpg"/>
 <o:File HRef="image005.jpg"/>
 <o:File HRef="image005.jpg"/>
 <o:File HRef="pdesgal.htm"/>
 <o:File HRef="filelist.xml"/>
</xml>